;precision;recall;f1;tpr;tnr;bal_acc;tp;fp;fn;tn;count_patterns;count_l0;count_l1;count_l2
f1_testexcluded_;0.7953934856763365;0.7861149233247807;0.790726996270882;0.7861149233248447;0.9859323891278001;0.8860236562263224;26349;6778;7169;475038;5491;490;5001;0
