;precision;recall;f1;tpr;tnr;bal_acc;tp;fp;fn;tn;count_patterns;count_l0;count_l1;count_l2
f1_testexcluded_;0.6680109149742822;0.7324842450881746;0.698763539834144;0.7324842450882455;0.9678261846366997;0.8501552148624726;27663;13748;10103;413556;1787;5;1782;0
