;precision;recall;f1;tpr;tnr;bal_acc;tp;fp;fn;tn;count_patterns;count_l0;count_l1;count_l2
f1_testexcluded_;0.5017361111111112;0.6811563935795691;0.5778390930171382;0.6811563935796644;0.9529426170986445;0.8170495053391544;22831;22673;10687;459143;21;21;0;0
