{"_OSYNSET('SUPPLY.V.01')": 0.04651162798089057, "_OSYNSET('BETTER.V.02')": 0.16326530620783009, "_OSYNSET('INTERACT.V.01')": 0.005773672066907925, "_OPOS_R": 0.09934841758588737, "_OSYNSET('SAME.A.01')": 0.06603773593716626, "_OSYNSET('DEVICE.N.01')": 0.006525285489343188, "_OSYNSET('CHANGE.V.02')": 0.07521186441657614, "_OSYNSET('NOT.R.01')": 0.3061146980656813, "_OSYNSET('MUCH.A.01')": 0.034749034786303125, "_OSYNSET('DESIRE.V.01')": 0.43875685558612876, "_OSYNSET('FAST.A.02')": 0.931271477665592, "_OSYNSET('GOOD.A.03')": 0.9722772277233213, "_OPOS_V": 0.06499849833250636, "_OSYNSET('COPULATE.V.01')": 0.8769230769325442, "_OSYNSET('EXIST.V.01')": 0.0039389463367605175, "_OSYNSET('NEW.A.01')": 0.038709677481373564, "_OSYNSET('EQUAL.V.01')": 0.001966568343156507, "_OSYNSET('NICE.A.01')": 0.9861431870672946, "_OSYNSET('EVALUATE.V.02')": 0.025735294153465614, "_OSYNSET('BETTER.A.02')": 0.9605734767039221, "_OSYNSET('DEMAND.V.01')": 0.023437500076293943, "_OSYNSET('DUTY.N.02')": 0.010830324945457388, "_OSYNSET('PRACTICE.V.01')": 0.12114989733961858, "_OSYNSET('CHANGE.V.01')": 0.29032258065431843, "_OSYNSET('LOT.N.07')": 0.051903114219657334, "_OSYNSET('CONTENT.N.05')": 0.30790190737580647, "_OSYNSET('GET.V.01')": 0.0018281535740235087, "_OPOS_J": 0.5127639350941976, "_OSYNSET('TEAM.N.01')": 0.006644518305427092, "_OSYNSET('EXPECT.V.03')": 0.0047732697134898975, "_OSYNSET('EXCESSIVELY.R.01')": 0.06683804629648231, "_OSYNSET('UNDERSTAND.V.01')": 0.06274509807597078, "_OSYNSET('DIFFICULTY.N.03')": 0.5127478753679109, "_OSYNSET('LITTLE.A.02')": 0.12612612620485353, "_OSYNSET('GOOD.A.01')": 0.9034653465358482, "_OSYNSET('WORK.V.01')": 0.09495548964109925, "_OSYNSET('SLEEP_TOGETHER.V.01')": 0.008823529421482124, "_OSYNSET('BACK.R.02')": 0.0199203187641466, "_OSYNSET('FINE.A.05')": 0.9838709677432362, "_OSYNSET('MOVE.V.03')": 0.07189542489726174, "_OSYNSET('SATISFY.V.01')": 0.1873111782600104, "_OSYNSET('SMALL.A.01')": 0.36920980927289904, "_OSYNSET('NEW.A.06')": 0.12820512822996566, "_OWORD": 0.06494357049114262, "_OSYNSET('SUCCEED.V.01')": 0.05990783414470471, "_OSYNSET('PERFECT.A.01')": 0.9962825278811791, "_OSYNSET('LARGE.A.01')": 0.5374732334146152, "_OSYNSET('BECOME.V.01')": 0.061224489834235736, "_OSYNSET('CAPTURE.V.02')": 0.08086253371749696, "_OSYNSET('EASY.A.03')": 0.988123515439712, "_OSYNSET('NEED.V.03')": 0.01699029128599538, "_OSYNSET('MAKE.V.03')": 0.09310344829149822, "_OSYNSET('EQUALLY.R.01')": 0.008714596971487699, "_OSYNSET('LOVE.V.01')": 0.8506493506525834, "_OSYNSET('BE.V.03')": 0.008474576355214019, "_OSYNSET('TRAVEL.V.01')": 0.05867970662448216, "_OSYNSET('UNVOICED.A.01')": 0.0964912281494306, "_OSYNSET('USE.V.01')": 0.06214689267302925, "_OSYNSET('COVERING.N.02')": 0.008695652260113422, "_OSYNSET('INFORM.V.01')": 0.1506276150983001, "_OSYNSET('BE.V.01')": 0.009232954546861884, "_OSYNSET('PAY.V.01')": 0.07242990656372827, "_OSYNSET('HAPPY.A.01')": 0.8713235294164955, "_OSYNSET('MORE.A.02')": 0.1802120141632434, "_OSYNSET('ACT.V.01')": 0.012510425362697997, "_OSYNSET('REGRETFUL.A.01')": 0.8776978417354173, "_OSYNSET('SPEND.V.01')": 0.09788654061070204, "_OSYNSET('HAVE.V.01')": 0.0043196544491507635, "_OSYNSET('DIFFICULTY.N.02')": 0.7766323024131742, "_OSYNSET('EVEN.R.04')": 0.0026954178166389373, "_OSYNSET('MOVE.V.02')": 0.039627039649425946, "_OSYNSET('REASONABLY.R.01')": 0.010600706748742025, "_OSYNSET('FAST.A.03')": 0.9907120743036931, "_OSYNSET('HAVE.V.02')": 0.012500000030859375, "_OSYNSET('FEW.A.01')": 0.024054982851407045, "_OSYNSET('PERSON.N.01')": 0.0235042735251388, "_OSYNSET('MORE.A.01')": 0.09756097564119996, "_OSYNSET('CHEAP.A.01')": 0.7471910112501579}