;precision;recall;f1;tpr;tnr;bal_acc;tp;fp;fn;tn;count_patterns;count_l0;count_l1;count_l2
f1_testexcluded_;0.5533724805586415;0.7246051537822111;0.6275173322347765;0.7246051537822683;0.9397663597409337;0.832185756761601;34868;28142;13252;439072;2718;15;2703;0
