;precision;recall;f1;tpr;tnr;bal_acc;tp;fp;fn;tn;count_patterns;count_l0;count_l1;count_l2
f1_testexcluded_;0.8375613875942319;0.70899751098872;0.76793576686268;0.7089975109887972;0.9878470597045665;0.8484222853466818;26776;5193;10990;422111;757;757;0;0
