;precision;recall;f1;tpr;tnr;bal_acc;tp;fp;fn;tn;count_patterns;count_l0;count_l1;count_l2
f1_testexcluded_;0.5685351633669379;0.7859376639731347;0.6597891018715062;0.7859376639731795;0.9319207043181427;0.8589291841456611;37446;28418;10199;389007;2791;13;2778;0
