{"_OSYNSET('SPEND.V.01')": 0.036821705445022834, "_OSYNSET('BACK.R.02')": 0.008576329348051864, "_OSYNSET('BECOME.V.03')": 0.010714285749617346, "_OSYNSET('EXCESSIVELY.R.01')": 0.3788150808010985, "_OSYNSET('PERSON.N.01')": 0.023346303520946573, "_OSYNSET('MANY.A.01')": 0.08264462817498806, "_OSYNSET('WEAR.V.09')": 0.3211009174467638, "_OSYNSET('THERE.R.03')": 0.007025761147376445, "_OSYNSET('INDUCE.V.02')": 1.0493179433258204e-11, "_OSYNSET('BE.V.08')": 1.4598540145772285e-11, "_OSYNSET('EVALUATE.V.02')": 0.08533916851016764, "_OSYNSET('TASTY.A.01')": 1.0, "_OSYNSET('VERY.R.01')": 0.02927721867310817, "_OSYNSET('THUS.R.02')": 0.026737967923112855, "_OWORD": 0.08168740592651404, "_OSYNSET('SMALL.A.01')": 0.44776119403900894, "_OSYNSET('TIME_PERIOD.N.01')": 0.0022026431791321395, "_OSYNSET('CHANGE.V.01')": 0.30681818183131027, "_OSYNSET('PERCEIVE.V.01')": 0.057142857172789115, "_OSYNSET('WHOLLY.R.01')": 0.042402826888961034, "_OSYNSET('LOT.N.07')": 0.160000000084, "_OSYNSET('REASONABLY.R.01')": 0.018735363020638517, "_OSYNSET('MAKE.V.03')": 0.01238390095936892, "_OSYNSET('TRAVEL.V.01')": 0.05285412264158871, "_OSYNSET('ACT.V.01')": 0.022082018958293943, "_OSYNSET('DECIDE.V.01')": 0.09934853421662299, "_OSYNSET('FRESH.A.06')": 0.967836257310882, "_OSYNSET('GOOD.A.03')": 0.9818024263433119, "_OSYNSET('VERY.R.02')": 0.022004889987506052, "_OSYNSET('SURVIVE.V.01')": 0.008695652260113422, "_OSYNSET('MEAL.N.01')": 0.007062146906679913, "_OSYNSET('CONTENT.N.05')": 0.011389521651350917, "_OSYNSET('TYPIFY.V.02')": 0.0034155597760781196, "_OSYNSET('FRIENDLY.A.04')": 0.9774647887330291, "_OPOS_R": 0.09801334489422173, "_OSYNSET('GATHERING.N.01')": 0.0035971223200791883, "_OSYNSET('THEREFORE.R.01')": 0.010526315815512464, "_OSYNSET('SLEEP_TOGETHER.V.01')": 1.1834319526487168e-11, "_OSYNSET('LOVE.V.01')": 0.914062500002238, "_OSYNSET('EVEN.R.04')": 0.04360465119059289, "_OSYNSET('SEARCH.V.04')": 0.03205128208230605, "_OSYNSET('EXPERIENCE.V.03')": 0.0028510335067508837, "_OSYNSET('PRACTICE.V.01')": 0.07478260871174292, "_OSYNSET('BEST.A.01')": 0.9272727272749312, "_OSYNSET('ATTRIBUTE.N.02')": 0.03906250007507324, "_OSYNSET('GET.V.01')": 0.011799410058648985, "_OSYNSET('BETTER.A.02')": 0.8536585365913147, "_OSYNSET('NICE.A.01')": 0.9597069597076977, "_OSYNSET('CHANGE_STATE.V.01')": 0.06250000009765626, "_OSYNSET('CATEGORY.N.02')": 0.015105740211023995, "_OSYNSET('EXIST.V.01')": 0.015448986163452048, "_OSYNSET('ACTIVITY.N.01')": 0.015410958920968991, "_OSYNSET('DEMAND.V.01')": 0.025078369936517922, "_OSYNSET('MORE.A.02')": 0.07112970715183557, "_OSYNSET('EXPECT.V.03')": 0.0638297872589407, "_OSYNSET('GOOD.A.01')": 0.942176870748955, "_OSYNSET('BE.V.01')": 0.013229355244376507, "_OSYNSET('ATMOSPHERE.N.01')": 0.04651162793161469, "_OSYNSET('STAY.V.01')": 0.0017123287756702712, "_OSYNSET('INFORM.V.01')": 0.08949416345955276, "_OSYNSET('DESIRE.V.01')": 0.5019305019401171, "_OSYNSET('HAVE.V.01')": 0.008174386948006146, "_OPOS_J": 0.6187207990979157, "_OSYNSET('POINT.N.02')": 0.0018365473002586177, "_OSYNSET('INTERACT.V.01')": 0.005847953235753451, "_OSYNSET('EQUAL.V.01')": 0.01317175975230152, "_OSYNSET('CONSUME.V.02')": 0.042035398251282406, "_OSYNSET('ALWAYS.R.01')": 0.007952286302028782, "_OSYNSET('REGRETFUL.A.01')": 0.7777777777854938, "_OPOS_V": 0.06933879987788939, "_OSYNSET('COPULATE.V.01')": 0.9174311926681256, "_OSYNSET('LARGE.A.01')": 0.5994475138232197, "_OSYNSET('NOT.R.01')": 0.3378856853852409, "_OSYNSET('FEW.A.01')": 0.1328413284452826, "_OSYNSET('SATISFY.V.01')": 0.06276150629575813, "_OSYNSET('ARRANGE.V.01')": 0.023026315821610976, "_OSYNSET('BESIDES.R.02')": 0.017804154317243262, "_OSYNSET('CHANGE.V.02')": 0.013531799742712696, "_OSYNSET('EQUALLY.R.01')": 0.06496519723747181, "_OSYNSET('BE.V.03')": 0.03212851409509524}