;precision;recall;f1;tpr;tnr;bal_acc;tp;fp;fn;tn;count_patterns;count_l0;count_l1;count_l2
f1_testexcluded_;0.6013642027939923;0.7283535455171318;0.6587950811630905;0.7283535455172038;0.9573278040926376;0.8428406748049206;27507;18234;10259;409070;15;15;0;0
