;precision;recall;f1;tpr;tnr;bal_acc;tp;fp;fn;tn;count_patterns;count_l0;count_l1;count_l2
f1_testexcluded_;0.8307263180923211;0.8043743049303607;0.8173379710971167;0.8043743049304125;0.9855138262220811;0.8949440655762468;30378;6190;7388;421114;5627;547;5080;0
