{"_ASYNSET('SANDWICH.N.01')": 0.8279569892519366, "_ASYNSET('CUT.N.06')": 0.778195488730143, "_AWORD": 0.1024668803787327, "_ASYNSET('SMALL.A.01')": 0.023217247114042834, "_ASYNSET('FOOD.N.02')": 0.832923832927938, "_ASYNSET('HERB.N.01')": 0.8590163934472453, "_ASYNSET('FRESH.A.06')": 0.0409356725426627, "_APOS_V": 0.013810217403209112, "_ASYNSET('SOLID.N.01')": 0.8568773234214045, "_ASYNSET('CONSUMPTION.N.01')": 0.5603448276241082, "_ASYNSET('CONTENT.N.05')": 0.6412300683412161, "_ASYNSET('BECOME.V.03')": 0.003571428607015306, "_ASYNSET('GROUP.N.01')": 0.07749077494179, "_ASYNSET('SNACK_FOOD.N.01')": 0.8315412186440307, "_ASYNSET('POINT.N.02')": 0.4664830119424566, "_ASYNSET('POULTRY.N.02')": 0.917808219180897, "_ASYNSET('LARGE.A.01')": 0.005524861905924727, "_ASYNSET('BAKED_GOODS.N.01')": 0.8848684210564188, "_ASYNSET('CONDIMENT.N.01')": 0.8424124513649336, "_APOS_J": 0.06321894635119599, "_ASYNSET('ATTRIBUTE.N.02')": 0.054687500073852535, "_ASYNSET('MEAL.N.01')": 0.5762711864466629, "_ASYNSET('OCCASION.N.04')": 0.48936170214938884, "_ASYNSET('ATMOSPHERE.N.01')": 0.3953488372249264, "_ASYNSET('BUILDING.N.01')": 0.19097222223158597, "_ASYNSET('SPACE.N.03')": 0.4346153846371301, "_ASYNSET('BE.V.01')": 0.0018103328241166827, "_ASYNSET('CHANGE_STATE.V.01')": 0.03125000010091146, "_ASYNSET('BREW.N.01')": 0.7335766423454899, "_ASYNSET('SIDEREAL_TIME.N.01')": 0.01818181821752066, "_ASYNSET('AGENDA.N.01')": 0.5943396226797794, "_ASYNSET('TRAVEL.V.01')": 0.03171247359340989, "_ASYNSET('BE.V.03')": 0.004016064297027467, "_ASYNSET('TIME_PERIOD.N.01')": 0.02936857563120875, "_ASYNSET('ACTIVITY.N.01')": 0.4760273972692461, "_ASYNSET('ACT.V.01')": 0.022082018958293943, "_ASYNSET('SUBSTANCE.N.07')": 0.8809034907621991, "_ASYNSET('PASSAGE.N.02')": 0.626923076937426, "_ASYNSET('GATHERING.N.01')": 0.31294964030012684, "_ASYNSET('CONSUME.V.02')": 0.04867256639272848, "_ASYNSET('BACK.R.02')": 0.0017152658833324997, "_ASYNSET('PARTY.N.02')": 0.47500000001640624, "_ASYNSET('CATEGORY.N.02')": 0.006042296102536486, "_ASYNSET('SATISFY.V.01')": 0.008368200857565518, "_ASYNSET('COUPLING.N.03')": 0.9852941176474193, "_ASYNSET('DISTANCE.N.01')": 0.15611814349552244, "_APOS_N": 0.44271005356355925, "_ASYNSET('WEEKDAY.N.01')": 0.027888446253868986, "_ASYNSET('DISH.N.02')": 0.8927899686527098, "_ASYNSET('CONTAINERFUL.N.01')": 0.5918367347042899, "_ASYNSET('EXPECT.V.03')": 0.015957446834681983, "_ASYNSET('COURSE.N.07')": 0.6510416666757541, "_ASYNSET('TIME_UNIT.N.01')": 0.0401785714714206, "_ASYNSET('CHANGE.V.01')": 0.01704545456407111, "_ASYNSET('CHANGE.V.02')": 0.006765899878122247, "_ASYNSET('PERSON.N.01')": 0.4027237354201805, "_ASYNSET('ARRANGE.V.01')": 0.006578947401099377, "_APOS_R": 0.0012063180913781406, "_ASYNSET('PASTA.N.02')": 0.95200000000384, "_ASYNSET('DECAPOD_CRUSTACEAN.N.01')": 0.9245283018896404}