;precision;recall;f1;tpr;tnr;bal_acc;tp;fp;fn;tn;count_patterns;count_l0;count_l1;count_l2
f1_testexcluded_;0.44139629418533377;0.8614754958547591;0.5837137644704741;0.8614754958547882;0.8755608791998593;0.8685181875273238;41045;51944;6600;365481;27;27;0;0
