{"_ASYNSET('SOFTWARE.N.01')": 0.9189189189262236, "_ASYNSET('PROPERTY.N.04')": 0.9333333333382715, "_APOS_N": 0.3958708622386525, "_ASYNSET('GET.V.01')": 0.008226691051113103, "_AWORD": 0.09512181915227857, "_ASYNSET('ACT.V.01')": 0.072560467063615, "_ASYNSET('UNVOICED.A.01')": 0.8245614035241613, "_ASYNSET('COGNITIVE_PSYCHOLOGY.N.01')": 0.9580838323378393, "_ASYNSET('DIGITAL_COMPUTER.N.01')": 0.03648068671595535, "_ASYNSET('HAVE.V.02')": 0.01562500003076172, "_ASYNSET('MOVE.V.02')": 0.051282051304165924, "_ASYNSET('REPRESENTATION.N.02')": 0.44347826091795844, "_ASYNSET('TIME_PERIOD.N.01')": 0.15440729483796714, "_ASYNSET('REWARD.N.04')": 0.9859154929581432, "_ASYNSET('GROUP.N.01')": 0.024793388510347656, "_ASYNSET('ELECTRONIC_EQUIPMENT.N.01')": 0.8625429553311841, "_ASYNSET('WIRELESS.A.01')": 0.927152317885619, "_ASYNSET('PORTABLE_COMPUTER.N.01')": 0.0010822510858546817, "_ASYNSET('CHEMICAL_ELEMENT.N.01')": 0.886363636370093, "_ASYNSET('DOOR.N.01')": 0.941391941392657, "_ASYNSET('CHROMIUM.N.01')": 0.6193181818398114, "_ASYNSET('ORGANIZATION.N.01')": 0.016304347852817817, "_ASYNSET('OPTICAL_DISK.N.01')": 0.6031746031955991, "_ASYNSET('TRANSFER.V.02')": 0.10833333337048612, "_ASYNSET('ELECTRONIC_DEVICE.N.01')": 0.9128787878820879, "_ASYNSET('COVERING.N.02')": 0.30434782614744804, "_ASYNSET('POWER_UNIT.N.01')": 0.11643835622490148, "_ASYNSET('ARGUMENT.N.01')": 0.04109589047663727, "_ASYNSET('CHANGE.V.01')": 0.02193548388358793, "_ASYNSET('ACTIVITY.N.01')": 0.45714285716009073, "_ASYNSET('DISPLAY.N.06')": 0.9204301075285929, "_ASYNSET('OPENING.N.10')": 0.8368580060472248, "_ASYNSET('SUCCEED.V.01')": 0.11981566824332647, "_ASYNSET('USE.V.01')": 0.07721280604374364, "_ASYNSET('SEARCH.V.01')": 0.10073710075919565, "_ASYNSET('INTERACT.V.01')": 0.004618937655835809, "_ASYNSET('PERSON.N.01')": 0.22008547010213492, "_ASYNSET('BE.V.01')": 0.012500000001402698, "_ASYNSET('CAPTURE.V.02')": 0.21293800541205016, "_ASYNSET('TRAVEL.V.01')": 0.10757946212450906, "_ASYNSET('EDIBLE_FRUIT.N.01')": 0.13257575760861456, "_ASYNSET('ATTRIBUTE.N.02')": 0.24299065427635602, "_ASYNSET('MOVE.V.03')": 0.07843137260925286, "_ASYNSET('COMPUTER_NETWORK.N.01')": 0.6476868327464824, "_ASYNSET('LINUX.N.01')": 0.8795180722964145, "_ASYNSET('LARGE_INTEGER.N.01')": 0.712121212143021, "_ASYNSET('UNDERSTAND.V.01')": 0.043137254939484816, "_ASYNSET('BECOME.V.01')": 0.44081632655343606, "_ASYNSET('DEVICE.N.01')": 0.7536704730852066, "_ASYNSET('MACHINE.N.01')": 0.02592592593193873, "_ASYNSET('GOOGLE.N.01')": 0.5906735751507423, "_APOS_R": 0.0013604467997274236, "_ASYNSET('ASSAULT.N.02')": 0.9918032786891965, "_ASYNSET('BE.V.03')": 0.008474576355214019, "_ASYNSET('MAKE.V.03')": 0.07931034484346017, "_ASYNSET('VISUAL_COMMUNICATION.N.01')": 0.6086956522022684, "_ASYNSET('LEAVE.V.01')": 0.10539845760654502, "_ASYNSET('DIGIT.N.01')": 0.01634877386876434, "_APOS_V": 0.03251505619413678, "_ASYNSET('LIVE_BODY.N.01')": 0.7948717948849441, "_ASYNSET('COMPUTER_MEMORY_UNIT.N.01')": 0.5726495726860983, "_ASYNSET('CONTENT.N.05')": 0.09536784743609351, "_ASYNSET('BETTER.V.02')": 0.05102040826009996, "_APOS_J": 0.06174893068128801, "_ASYNSET('SOUND_PROPERTY.N.01')": 0.905511811031062, "_ASYNSET('DUTY.N.02')": 0.5559566787163914, "_ASYNSET('CODE.N.03')": 0.8959183673490629, "_ASYNSET('EXPLOIT.V.01')": 0.19119878605172685, "_ASYNSET('VOLATILE_STORAGE.N.01')": 0.9934210526320117, "_ASYNSET('COMPONENT.N.03')": 0.8265306122625989, "_ASYNSET('ENERGY.N.01')": 0.14150943404325383, "_ASYNSET('VISUAL_PERCEPT.N.01')": 0.9545454545475207, "_ASYNSET('SIDEREAL_TIME.N.01')": 0.006191950495164336, "_ASYNSET('CONSEQUENCE.N.01')": 0.16785714288686224, "_ASYNSET('ATHLETE.N.01')": 0.13953488378763296, "_ASYNSET('SUPPLY.V.01')": 0.04651162798089057, "_ASYNSET('WORK.V.01')": 0.15727002969859732, "_ASYNSET('BACK.R.02')": 3.9840637448611926e-11, "_ASYNSET('PRODUCT.N.02')": 0.0982142857948023, "_ASYNSET('DICOT_GENUS.N.01')": 0.029850746341055914, "_ASYNSET('FRAMEWORK.N.03')": 0.8782608695758034, "_ASYNSET('APPLE_TREE.N.01')": 0.10309278355138697, "_ASYNSET('HOLLOW.N.02')": 0.07718120808465835, "_ASYNSET('RAINCOAT.N.01')": 0.18220338984783466, "_ASYNSET('EXPECT.V.03')": 0.062052505988972495, "_ASYNSET('TEAM.N.01')": 0.9700996677750797}