;precision;recall;f1;tpr;tnr;bal_acc;tp;fp;fn;tn;count_patterns;count_l0;count_l1;count_l2
f1_testexcluded_;0.38932067466395226;0.8504779717373233;0.5341329670932614;0.8504779717373544;0.8626025761214376;0.856540273929396;40925;64194;7195;403020;35;35;0;0
