;precision;recall;f1;tpr;tnr;bal_acc;tp;fp;fn;tn;count_patterns;count_l0;count_l1;count_l2
f1_testexcluded_;0.7556390241993858;0.810704166229405;0.7822036915902938;0.8107041662294447;0.970076061567947;0.8903901138986958;38626;12491;9019;404934;9770;765;9005;0
