;precision;recall;f1;tpr;tnr;bal_acc;tp;fp;fn;tn;count_patterns;count_l0;count_l1;count_l2
f1_testexcluded_;0.7547522857750372;0.7450099695665862;0.7498494950809607;0.7450099695666397;0.9723686889860461;0.8586893292763429;35496;11534;12149;405891;1169;1169;0;0
