;precision;recall;f1;tpr;tnr;bal_acc;tp;fp;fn;tn;count_patterns;count_l0;count_l1;count_l2
f1_testexcluded_;0.8205450129666982;0.8284912718204489;0.82449900696009;0.8284912718204845;0.9813383160607348;0.9049147939406097;39867;8719;8253;458495;9004;539;8465;0
