;precision;recall;f1;tpr;tnr;bal_acc;tp;fp;fn;tn;count_patterns;count_l0;count_l1;count_l2
f1_testexcluded_;0.7780380579533421;0.72337251625992;0.7497101258123321;0.7233725162600027;0.9856438972553841;0.8545082067576935;24246;6917;9272;474899;700;700;0;0
