;precision;recall;f1;tpr;tnr;bal_acc;tp;fp;fn;tn;count_patterns;count_l0;count_l1;count_l2
f1_testexcluded_;0.8014114449777544;0.7598919368246052;0.7800996398618939;0.7598919368246551;0.9806063174476797;0.8702491271361674;36566;9061;11554;458153;944;944;0;0
