;precision;recall;f1;tpr;tnr;bal_acc;tp;fp;fn;tn;count_patterns;count_l0;count_l1;count_l2
f1_testexcluded_;0.6579443165166422;0.6563935795691868;0.6571680432153612;0.6563935795692893;0.9762606472180256;0.8163271133936575;22001;11438;11517;470378;1973;8;1965;0
